x1,x2,y1mean,y1var,y2mean,y2var
0.5,5.0,6.7754985776622005,5.3553808175159645,1.4160094492442274,0.1436219926413385
1.0,5.0,9.37249706325682,5.480040069108652,1.3721938413743935,0.1459101035180889
1.5,5.0,12.37775244622212,5.553754808439179,1.2694674164714006,0.152589419565574
0.5,7.0,10.525345200533263,4.970620232071161,2.7670553804916524,0.2584045078311467
1.0,7.0,16.327142713391105,5.100491655711207,2.571069555250233,0.25323542837296364
1.5,7.0,23.896219003637157,5.1830839878925055,2.287276654301712,0.2523234186175742
0.5,9.0,6.072796992125204,3.935060012303534,2.0035005555238588,0.5645984175736088
1.0,9.0,6.026753502218436,4.018661388803945,1.4957743377360389,0.5403610874547171
1.5,9.0,6.802142561532758,4.088410230560295,1.245295547074971,0.5194868443571001
